[943107, ['A|SAMD11|0.00|0.01|0.00|0.03|-48|65|5|-49', 'A|U6|0.00|0.01|0.00|0.00|701|-49|-48|447'], ['A|SAMD11|0.00|0.01|0.00|0.01|-48|65|-174|-49', 'A|U6|0.00|0.00|0.00|0.00|-1370|17|648|-529']]
[943185, ['T|SAMD11|0.04|0.03|0.02|0.00|68|-13|-127|72', 'T|U6|0.01|0.00|0.00|0.00|-127|20|68|-18'], ['T|SAMD11|0.01|0.02|0.01|0.00|77|-13|-127|72', 'T|U6|0.00|0.00|0.00|0.03|1634|173|1872|-18']]
[943221, ['T|SAMD11|0.02|0.03|0.02|0.00|32|-49|-163|36', 'T|U6|0.00|0.01|0.00|0.00|137|156|333|687'], ['T|SAMD11|0.01|0.02|0.00|0.00|41|-49|-163|36', 'T|U6|0.00|0.00|0.00|0.01|1598|1579|-683|-54']]
[943689, ['G|SAMD11|0.07|0.00|0.00|0.00|-135|9|-631|-312', 'G|U6|0.05|0.00|0.02|0.13|119|-331|-135|9'], ['G|SAMD11|0.18|0.00|0.00|0.00|-135|9|-631|-82', 'G|U6|0.00|0.01|0.01|0.00|65|861|-163|66']]
[943755, ['T|SAMD11|0.00|0.00|0.00|0.00|-502|-57|-697|-1', 'T|U6|0.00|0.04|0.00|0.06|1045|53|8|-57'], ['T|SAMD11|0.01|0.00|0.01|0.00|-201|216|-148|73', 'T|U6|0.00|0.00|0.00|0.01|2527|1045|-229|0']]
[943861, ['C|SAMD11|0.00|0.00|0.00|0.00|32|47|689|-803', 'C|U6|0.00|0.01|0.00|0.01|6|-484|32|47'], ['C|SAMD11|0.01|0.01|0.00|0.00|22|32|6|-803', 'C|U6|0.00|0.00|0.00|0.00|689|958|1|-1949']]
[6440371, ['T|ESPN|0.00|0.00|0.00|0.00|1500|-74|437|69', 'T|U6|0.01|0.00|0.00|0.01|69|-2652|255|-74'], ['T|ESPN|0.00|0.00|0.00|0.00|1500|-62|1630|-353', 'T|U6|0.01|0.00|0.00|0.01|673|21|-2949|-74']]
[43364701, ['G|ELOVL1|0.00|0.00|0.00|0.01|675|93|-143|-86'], ['G|ELOVL1|0.00|0.00|0.00|0.01|-21|-75|-53|-86']]
[43365318, ['A|ELOVL1|0.01|0.01|0.00|0.00|-67|58|950|-132'], ['A|ELOVL1|0.03|0.00|0.00|0.00|-58|58|1805|950']]
[68429845, ['C|RPE65|0.01|0.05|0.00|0.05|1041|82|1839|1220'], ['C|RPE65|0.02|0.04|0.00|0.02|1041|82|388|-123']]
[68439204, ['C|RPE65|0.01|0.00|0.00|0.00|438|119|357|-1017'], ['C|RPE65|0.00|0.00|0.00|0.00|-920|119|357|-13']]
[68439568, ['T|RPE65|0.00|0.04|0.00|0.04|-245|74|-502|-7'], ['T|RPE65|0.00|0.04|0.00|0.05|-7|74|-3|-7']]
[68439610, ['T|RPE65|0.00|0.22|0.00|0.25|-20|32|-668|-49'], ['T|RPE65|0.00|0.22|0.00|0.27|-20|32|-2|-49']]
[68439611, ['C|RPE65|0.00|0.14|0.00|0.14|1389|31|-669|-50', 'T|RPE65|0.00|0.39|0.00|0.47|1389|31|-669|-50'], ['C|RPE65|0.00|0.15|0.00|0.18|-51|31|0|-50', 'T|RPE65|0.00|0.52|0.00|0.56|-586|31|1443|-50']]
[68444655, ['T|RPE65|0.12|0.04|0.00|0.01|-3|17|1332|-124'], ['T|RPE65|0.16|0.01|0.00|0.01|-3|228|-1043|1188']]
[103001191, ['C|COL11A1|0.00|0.00|0.00|0.00|10|-1396|734|-1416', 'C|LSP1P5|0.00|0.00|0.00|0.00|1237|703|10|-1106'], ['C|COL11A1|0.01|0.00|0.00|0.00|10|440|-1416|-1256', 'C|LSP1P5|0.00|0.00|0.00|0.00|3437|-3375|-3218|528']]
[197356936, ['A|CRB1|0.00|0.01|0.00|0.02|28|-105|-2284|77'], ['A|CRB1|0.02|0.00|0.00|0.00|28|-105|-2284|44']]
[197421043, ['C|CRB1|0.00|0.00|0.00|0.00|-43|-64|913|-2945'], ['C|CRB1|0.00|0.00|0.01|0.00|-3052|707|13|498']]
[197422059, ['G|CRB1|0.00|0.00|0.01|0.00|693|-1059|-103|61'], ['G|CRB1|0.00|0.00|0.06|0.00|-309|-1080|-103|61']]
[197422067, ['G|CRB1|0.00|0.00|0.02|0.00|-1067|685|-111|53'], ['G|CRB1|0.00|0.00|0.04|0.00|1|-597|-111|53']]
[216175335, ['A|USH2A|0.00|0.01|0.00|0.01|-250|147|-681|-83'], ['A|USH2A|0.00|0.02|0.00|0.00|-624|86|-330|-33']]
[216175347, ['A|USH2A|0.00|0.00|0.00|0.00|-636|135|-282|-95'], ['A|USH2A|0.00|0.01|0.00|0.00|282|74|-342|-45']]
[216246884, ['T|USH2A|0.00|0.00|0.00|0.00|-185|342|153|-299'], ['T|USH2A|0.01|0.00|0.00|0.00|-185|342|214|-3258']]
[216247138, ['G|USH2A|0.01|0.00|0.00|0.00|88|780|-553|771'], ['G|USH2A|0.02|0.02|0.02|0.00|42|-439|-40|26']]
[216292366, ['C|USH2A|0.00|0.01|0.00|0.00|-455|4|-531|-191'], ['C|USH2A|0.00|0.00|0.00|0.00|-42|-29|-531|-41']]
[216321904, ['T|USH2A|0.02|0.00|0.02|0.00|97|695|-21|-47'], ['T|USH2A|0.00|0.01|0.00|0.00|695|72|-602|-21']]
[216323494, ['A|USH2A|0.00|0.01|0.01|0.01|2105|201|73|-20'], ['A|USH2A|0.00|0.01|0.02|0.01|-78|165|73|-20']]
[216324303, ['T|USH2A|0.01|0.00|0.00|0.00|49|28|-135|721'], ['T|USH2A|0.00|0.01|0.00|0.00|-644|28|-135|721']]
[216422412, ['G|USH2A|0.00|0.00|0.05|0.02|960|-121|-7|2'], ['G|USH2A|0.01|0.01|0.04|0.02|128|-121|-7|17']]
[243307803, ['A|SDCCAG8|0.00|0.09|0.00|0.08|-3281|-16|-3189|80'], ['A|SDCCAG8|0.00|0.14|0.00|0.15|11|-16|-3189|80']]
[15461148, ['G|NBAS|0.00|0.00|0.00|0.00|1241|226|53|49'], ['G|NBAS|0.00|0.00|0.00|0.00|56|226|-197|-1272']]
[29066117, ['T|C2orf71|0.00|0.00|0.00|0.00|2324|28|2244|-94', 'T|PCARE|0.00|0.00|0.00|0.00|2324|28|2244|-94'], ['T|C2orf71|0.00|0.00|0.00|0.00|2324|24|571|-94', 'T|PCARE|0.00|0.00|0.00|0.00|2324|24|571|-94']]
[29071163, ['G|C2orf71|0.00|0.00|0.00|0.00|667|-474|-569|2', 'G|PCARE|0.00|0.00|0.00|0.00|667|-474|-569|2'], ['G|C2orf71|0.00|0.00|0.00|0.01|-474|664|1359|0', 'G|PCARE|0.00|0.00|0.00|0.00|-474|-278|-12|0']]
[29071557, ['C|C2orf71|0.00|0.00|0.00|0.00|881|270|631|965', 'C|PCARE|0.00|0.00|0.00|0.00|-78|270|631|575'], ['C|C2orf71|0.00|0.00|0.00|0.00|-868|874|965|-100', 'C|PCARE|0.00|0.00|0.00|0.00|-868|3272|965|-394']]
[29071662, ['A|C2orf71|0.00|0.00|0.00|0.00|-973|165|860|-3301', 'A|PCARE|0.00|0.00|0.00|0.00|-973|165|860|-3301'], ['A|C2orf71|0.00|0.00|0.00|0.00|-973|165|860|-1068', 'A|PCARE|0.00|0.00|0.00|0.00|-973|165|860|-1068']]
[29071953, ['C|C2orf71|0.06|0.00|0.18|0.00|-126|296|0|-1359', 'C|PCARE|0.04|0.00|0.12|0.00|-126|296|0|-1359'], ['C|C2orf71|0.07|0.00|0.15|0.06|-126|730|0|569', 'C|PCARE|0.03|0.00|0.04|0.00|-1264|730|0|569']]
[98377695, ['T|CNGA3|0.00|0.03|0.00|0.03|-1773|-8|527|105', 'T|RPL23AP7|0.00|0.02|0.00|0.02|-3|105|-1|-8'], ['T|CNGA3|0.00|0.04|0.00|0.02|7|-60|1493|-1345', 'T|RPL23AP7|0.00|0.00|0.00|0.00|-1139|146|2473|-217']]
[98377728, ['T|CNGA3|0.00|0.01|0.00|0.00|-41|-93|-1378|72', 'T|RPL23AP7|0.00|0.01|0.00|0.01|-2|72|98|-41'], ['T|CNGA3|0.00|0.01|0.00|0.00|-1806|-93|-1378|221', 'T|RPL23AP7|0.00|0.00|0.00|0.00|596|113|2440|-250']]
[98377783, ['T|CNGA3|0.00|0.06|0.00|0.07|-1861|-96|439|17', 'T|RPL23AP7|0.00|0.03|0.00|0.02|-2|17|-2|-96'], ['T|CNGA3|0.00|0.02|0.00|0.02|-638|-148|1405|-1433', 'T|RPL23AP7|0.00|0.00|0.00|0.00|-1227|58|2385|43']]
[98377784, ['A|CNGA3|0.00|0.02|0.00|0.02|-1862|-97|-1748|16', 'A|RPL23AP7|0.00|0.01|0.00|0.00|2763|16|2372|-97'], ['A|CNGA3|0.00|0.01|0.00|0.01|-639|-149|1404|-1434', 'A|RPL23AP7|0.00|0.00|0.00|0.00|-3100|57|2384|42']]
[98380181, ['A|CNGA3|0.38|0.46|0.03|0.00|24|-6|173|-993', 'A|RPL23AP7|0.00|0.01|0.00|0.02|-72|173|24|-13'], ['A|CNGA3|0.25|0.11|0.01|0.00|24|-6|-274|23', 'A|RPL23AP7|0.00|0.00|0.00|0.01|-977|-1857|2|-13']]
[98389681, ['T|CNGA3|0.01|0.00|0.00|0.00|-23|-177|1062|75', 'T|RPL23AP7|0.00|0.01|0.00|0.03|1516|93|249|-23'], ['T|CNGA3|0.00|0.00|0.00|0.00|-19|-23|1062|-413', 'T|RPL23AP7|0.00|0.00|0.00|0.00|-679|1357|1870|-266']]
[98389716, ['T|CNGA3|0.00|0.01|0.00|0.01|-356|-58|1027|58', 'T|RPL23AP7|0.00|0.03|0.00|0.03|-2|58|59|-58'], ['T|CNGA3|0.01|0.01|0.00|0.00|-356|-54|1027|-448', 'T|RPL23AP7|0.00|0.00|0.00|0.00|-714|1702|1868|664']]
[201623082, ['T|C2CD6|0.00|0.00|0.01|0.00|1572|1|-5|-4'], ['T|C2CD6|0.00|0.00|0.00|0.00|1208|-438|1696|112']]
[101267439, ['T|IMPG2|0.02|0.00|0.00|0.00|92|231|72|-64'], ['T|IMPG2|0.01|0.00|0.00|0.00|92|955|3|72']]
[625834, ['G|PDE6B|0.00|0.00|0.00|0.00|57|27|260|-25'], ['G|PDE6B|0.00|0.00|0.00|0.00|57|-222|26|318']]
[635913, ['C|PDE6B|0.00|0.00|0.00|0.00|-33|3|56|-2991'], ['C|PDE6B|0.00|0.00|0.01|0.00|-33|1673|-231|844']]
[654243, ['G|PDE6B|0.00|0.00|0.00|0.00|1697|-391|324|-536', 'G|PDE6B-AS1|0.00|0.00|0.00|0.00|-89|324|-163|839'], ['G|PDE6B|0.00|0.00|0.01|0.00|64|-806|324|-731', 'G|PDE6B-AS1|0.00|0.00|0.00|0.00|-100|200|415|839']]
[662538, ['T|PDE6B|0.00|0.00|0.00|0.00|-29|-61|749|-1925'], ['T|PDE6B|0.00|0.00|0.00|0.00|-606|-375|-1896|760']]
[15541021, ['C|CC2D2A|0.00|0.00|0.00|0.00|2558|-184|-2988|-7'], ['C|CC2D2A|0.00|0.00|0.00|0.00|1636|367|-112|-7']]
[15541133, ['G|CC2D2A|0.00|0.00|0.00|0.00|1818|2446|-119|-53'], ['G|CC2D2A|0.00|0.00|0.00|0.00|-99|3266|16|3468']]
[15561630, ['G|CC2D2A|0.43|0.11|0.37|0.15|0|-42|198|-28'], ['G|CC2D2A|0.27|0.26|0.33|0.22|0|-42|198|-28']]
[39244414, ['T|WDR19|0.00|0.00|0.01|0.00|56|-909|-26|-842'], ['T|WDR19|0.02|0.00|0.01|0.00|66|-909|-26|2']]
[75685342, ['A|POC5|0.00|0.02|0.00|0.01|142|58|-118|-135'], ['A|POC5|0.01|0.04|0.00|0.00|136|58|2173|-135']]
[110739406, ['G|SLC25A46|0.01|0.00|0.25|0.86|372|3219|-72|-4'], ['G|SLC25A46|0.03|0.00|0.47|0.47|586|-144|-72|-4']]
[110739408, ['G|SLC25A46|0.00|0.00|0.00|0.00|2639|996|-6|1560'], ['G|SLC25A46|0.00|0.00|0.01|0.00|1389|-146|-9|755']]
[110739457, ['T|SLC25A46|0.00|0.00|0.00|0.00|2595|947|-55|1511'], ['T|SLC25A46|0.00|0.00|0.00|0.01|2595|824|-55|1511']]
[110739519, ['T|SLC25A46|0.00|0.00|0.00|0.00|2528|885|-117|1449'], ['T|SLC25A46|0.00|0.00|0.02|0.00|933|473|-2|1449']]
[140673449, ['A|DND1|0.01|0.02|0.00|0.00|-60|-178|-61|-1', 'A|HARS|0.01|0.00|0.00|0.00|-61|-1|760|624', 'A|HARS1|0.00|0.00|0.00|0.00|-61|-1|70|760', 'A|WDR55|0.00|0.01|0.01|0.00|-60|-178|-61|-1'], ['A|DND1|0.01|0.00|0.00|0.00|-132|-1089|-2442|-1', 'A|HARS|0.01|0.00|0.01|0.00|-61|994|70|-141', 'A|HARS1|0.00|0.00|0.00|0.00|707|994|70|-10', 'A|WDR55|0.01|0.00|0.00|0.00|-132|-1089|-530|-1']]
[140673499, ['G|DND1|0.01|0.00|0.00|0.00|-191|-1121|-593|-111', 'G|HARS|0.00|0.03|0.00|0.03|240|-111|-60|20', 'G|HARS1|0.00|0.00|0.00|0.00|240|297|710|20', 'G|WDR55|0.00|0.00|0.00|0.00|-191|-1121|-593|-111'], ['G|DND1|0.00|0.00|0.00|0.00|-110|-2230|-94|-495', 'G|HARS|0.00|0.04|0.00|0.04|944|-111|114|20', 'G|HARS1|0.00|0.00|0.00|0.01|944|297|1909|20', 'G|WDR55|0.00|0.00|0.00|0.00|-110|-2230|174|-495']]
[178992056, ['T|GRM6|0.01|0.00|0.04|0.04|2385|-139|27|-1'], ['T|GRM6|0.00|0.01|0.01|0.07|-2|-2309|-66|64']]
[178994549, ['C|ADAMTS2|0.01|0.00|0.00|0.00|21|-108|-1229|83', 'C|GRM6|0.01|0.00|0.00|0.00|21|-108|-1229|83'], ['C|ADAMTS2|0.00|0.01|0.00|0.00|1186|-195|1672|83', 'C|GRM6|0.00|0.01|0.00|0.00|1186|-195|-2429|-971']]
[178994807, ['T|ADAMTS2|0.02|0.00|0.00|0.00|-366|-39|-175|-2479', 'T|GRM6|0.01|0.00|0.00|0.00|-366|0|-175|-2687'], ['T|ADAMTS2|0.00|0.01|0.01|0.00|928|-453|-175|-2486', 'T|GRM6|0.00|0.01|0.00|0.00|928|-453|-175|-2687']]
[178994919, ['C|ADAMTS2|0.00|0.00|0.00|0.00|-478|3064|-287|41', 'C|GRM6|0.00|0.00|0.00|0.00|-478|357|-1599|41'], ['C|ADAMTS2|0.00|0.00|0.00|0.00|-469|-562|-287|27', 'C|GRM6|0.00|0.00|0.00|0.00|816|-565|-2799|27']]
[35498057, ['A|TEAD3|0.00|0.00|0.00|0.00|150|403|280|75', 'A|TULP1|0.00|0.00|0.00|0.00|102|403|280|75'], ['A|TEAD3|0.00|0.00|0.01|0.01|112|403|-121|75', 'A|TULP1|0.01|0.00|0.00|0.00|112|383|-40|75']]
[42194379, ['A|GUCA1B|0.00|0.02|0.01|0.01|448|4|235|-179'], ['A|GUCA1B|0.01|0.06|0.01|0.02|448|4|235|-179']]
[42194394, ['A|GUCA1B|0.00|0.00|0.00|0.00|1345|433|-194|220'], ['A|GUCA1B|0.01|0.00|0.01|0.00|-11|433|-194|220']]
[42194822, ['A|GUCA1B|0.23|0.00|0.13|0.00|5|663|-208|-218'], ['A|GUCA1B|0.16|0.01|0.08|0.00|5|-1|-208|5']]
[42711918, ['C|BICRAL|0.00|0.00|0.00|0.00|1530|-5|-1555|79', 'C|PRPH2|0.00|0.00|0.00|0.00|158|21|-196|-160'], ['C|BICRAL|0.00|0.00|0.00|0.01|-865|-5|-638|79', 'C|PRPH2|0.00|0.00|0.00|0.01|-143|21|22|-160']]
[65487262, ['A|EYS|0.00|0.00|0.00|0.00|1194|1197|-2759|-84'], ['A|EYS|0.00|0.00|0.00|0.00|1194|-1468|-84|-1540']]
[65487585, ['C|EYS|0.00|0.00|0.00|0.00|0|871|-3082|3009'], ['C|EYS|0.00|0.03|0.00|0.00|0|871|-242|-1863']]
[65620489, ['C|EYS|0.00|0.00|0.00|0.00|-1|1739|-450|3391'], ['C|EYS|0.00|0.00|0.00|0.00|-1408|1290|-2277|2625']]
[65620514, ['T|EYS|0.00|0.00|0.00|0.00|-8|1265|298|3366'], ['T|EYS|0.00|0.00|0.00|0.00|-1433|1265|298|2600']]
[65620624, ['T|EYS|0.00|0.00|0.00|0.00|1155|2627|-1487|3256'], ['T|EYS|0.00|0.00|0.00|0.00|1155|2627|3256|2490']]
[65620708, ['A|EYS|0.00|0.00|0.00|0.00|1071|2543|8|3172'], ['A|EYS|0.00|0.00|0.00|0.00|1520|1037|8|2406']]
[65620717, ['C|EYS|0.00|0.00|0.00|0.00|2534|1062|3163|95'], ['C|EYS|0.00|0.00|0.00|0.00|1028|3253|2358|2397']]
[65620727, ['T|EYS|0.00|0.00|0.00|0.00|-382|1052|8|3153'], ['T|EYS|0.00|0.00|0.00|0.00|-1235|1052|85|2387']]
[65620934, ['G|EYS|0.00|0.00|0.00|0.00|-25|845|1276|2946'], ['G|EYS|0.00|0.01|0.00|0.00|-25|1294|12|2180']]
[65621168, ['T|EYS|0.00|0.00|0.00|0.00|2820|611|1112|2712'], ['T|EYS|0.00|0.00|0.00|0.00|1060|611|1001|1946']]
[65621356, ['T|EYS|0.00|0.00|0.00|0.00|-2275|423|2524|924'], ['T|EYS|0.00|0.00|0.00|0.00|389|-2275|1758|-58']]
[65621464, ['T|EYS|0.00|0.00|0.00|0.00|764|845|2416|198'], ['T|EYS|0.00|0.00|0.00|0.00|315|-228|1650|198']]
[65621470, ['C|EYS|0.00|0.00|0.00|0.00|309|758|2410|192'], ['C|EYS|0.00|0.00|0.00|0.00|275|1824|1148|2410']]
[65621477, ['G|EYS|0.00|0.00|0.00|0.00|302|1227|2403|185'], ['G|EYS|0.00|0.00|0.00|0.00|1774|1817|1637|185']]
[65621489, ['A|EYS|0.00|0.00|0.00|0.00|290|-35|791|627'], ['A|EYS|0.00|0.00|0.00|0.00|739|-481|1625|2391']]
[65621494, ['C|EYS|0.00|0.00|0.00|0.00|285|-40|786|168'], ['C|EYS|0.00|0.00|0.00|0.00|734|285|622|2386']]
[65621496, ['T|EYS|0.00|0.00|0.00|0.00|813|732|620|784'], ['T|EYS|0.00|0.00|0.00|0.00|249|732|1579|2384']]
[128773594, ['A|OPN1SW|0.00|0.00|0.00|0.00|-906|-394|-94|55', 'A|Y_RNA|0.00|0.02|0.00|0.00|-1904|55|2091|1069'], ['A|OPN1SW|0.00|0.00|0.00|0.00|-40|-394|244|-466', 'A|Y_RNA|0.00|0.00|0.01|0.00|71|-1904|134|-1806']]
[138906859, ['T|KIAA1549|0.00|0.00|0.00|0.00|243|-1741|60|193'], ['T|KIAA1549|0.00|0.00|0.00|0.00|-65|2034|645|193']]
[10606953, ['A|RP1L1|0.00|0.00|0.00|0.00|239|1053|-54|406'], ['A|RP1L1|0.00|0.00|0.00|0.00|294|-142|-313|406']]
[10607051, ['G|RP1L1|0.02|0.01|0.00|0.01|0|141|1268|308'], ['G|RP1L1|0.00|0.01|0.00|0.00|-240|196|308|-411']]
[10607106, ['A|RP1L1|0.00|0.02|0.00|0.02|-669|86|487|253'], ['A|RP1L1|0.00|0.02|0.00|0.00|-18|141|601|253']]
[10610071, ['T|RP1L1|0.00|0.00|0.00|0.00|-7|1166|6|-71'], ['T|RP1L1|0.00|0.00|0.00|0.00|1166|-2824|1475|2753']]
[10610104, ['C|RP1L1|0.00|0.00|0.00|0.01|-43|1133|21|4'], ['C|RP1L1|0.00|0.00|0.00|0.00|1566|1133|1442|2911']]
[10610119, ['C|RP1L1|0.00|0.00|0.00|0.01|1118|-7|-11|6', 'TTTC|RP1L1|0.00|0.00|0.00|0.00|1118|-1831|-1374|6'], ['C|RP1L1|0.00|0.00|0.00|0.00|2224|1118|-2760|1427', 'TTTC|RP1L1|0.01|0.02|0.00|0.01|1118|1551|1038|1326']]
[10610127, ['C|RP1L1|0.00|0.00|0.00|0.00|-1475|1110|29|-2', 'TCCTCTAACTGCACCCTCTCTTCTTGCAGCCCTTCTATTACTTTAGTCC|RP1L1|0.00|0.01|0.02|0.01|1543|1110|0|-2'], ['C|RP1L1|0.00|0.00|0.00|0.00|1543|-2880|1419|2888', 'TCCTCTAACTGCACCCTCTCTTCTTGCAGCCCTTCTATTACTTTAGTCC|RP1L1|0.02|0.00|0.04|0.00|1543|-2880|1419|2888']]
[10610835, ['A|RP1L1|0.00|0.00|0.00|0.00|-109|835|56|322'], ['A|RP1L1|0.00|0.00|0.00|0.00|402|400|711|610']]
[10610941, ['T|RP1L1|0.00|0.00|0.00|0.00|296|41|216|-50'], ['T|RP1L1|0.01|0.00|0.01|0.00|729|41|605|-50']]
[10610973, ['T|RP1L1|0.01|0.00|0.00|0.00|264|262|573|184'], ['T|RP1L1|0.00|0.01|0.00|0.02|9|697|379|573']]
[10611166, ['T|RP1L1|0.00|0.01|0.00|0.00|-3|71|-9|380'], ['T|RP1L1|0.00|0.03|0.00|0.03|-3|71|-3555|380']]
[10611175, ['T|RP1L1|0.03|0.00|0.01|0.00|62|-19|371|-116'], ['T|RP1L1|0.06|0.00|0.07|0.00|62|2209|371|2']]
[10611199, ['T|RP1L1|0.00|0.09|0.00|0.05|947|38|-3444|347'], ['T|RP1L1|0.00|0.20|0.00|0.19|2185|38|75|347']]
[10611226, ['A|RP1L1|0.00|0.01|0.00|0.01|-2574|11|2|320'], ['A|RP1L1|0.00|0.00|0.00|0.01|9|444|590|1789']]
[10611405, ['T|RP1L1|0.01|0.00|0.01|0.00|265|-12|141|40'], ['T|RP1L1|0.02|0.00|0.01|0.00|-168|-12|141|-53']]
[10611453, ['T|RP1L1|0.01|0.00|0.01|0.00|-216|-9|93|-101'], ['T|RP1L1|0.00|0.00|0.00|0.02|736|-216|-8|93']]
[10611733, ['T|RP1L1|0.00|0.04|0.00|0.02|174|-63|-62|1282'], ['T|RP1L1|0.00|0.05|0.00|0.06|1651|-63|-62|-187']]
[10611944, ['T|RP1L1|0.00|0.01|0.00|0.00|-37|-274|-128|-398'], ['T|RP1L1|0.01|0.01|0.00|0.00|-37|-707|656|-398']]
[10612087, ['T|RP1L1|0.00|0.00|0.00|0.00|-2|-850|-541|928'], ['T|RP1L1|0.01|0.01|0.00|0.00|-2|-850|928|-541']]
[10612303, ['T|RP1L1|0.00|0.00|0.00|0.00|-633|40|31|-487'], ['T|RP1L1|0.01|0.01|0.01|0.00|-1066|40|-757|150']]
[10612320, ['A|RP1L1|0.00|0.00|0.00|0.00|1026|23|-774|14'], ['A|RP1L1|0.01|0.02|0.01|0.00|-1083|23|695|-273']]
[10612447, ['A|RP1L1|0.01|0.00|0.01|0.00|-777|-301|568|-18'], ['A|RP1L1|0.01|0.00|0.05|0.00|-777|778|6|-18']]
[10612808, ['A|RP1L1|0.00|0.00|0.00|0.00|-1138|41|16|207'], ['A|RP1L1|0.00|0.01|0.01|0.00|-1571|41|207|-1262']]
[10612831, ['A|RP1L1|0.01|0.00|0.02|0.00|-1161|18|184|-231'], ['A|RP1L1|0.01|0.01|0.02|0.00|-1161|18|184|-231']]
[10612970, ['C|RP1L1|0.01|0.00|0.03|0.00|-1300|792|45|-636'], ['C|RP1L1|0.01|0.00|0.02|0.00|-1300|-36|45|192']]
[10613030, ['A|RP1L1|0.00|0.00|0.00|0.00|732|316|132|-15'], ['A|RP1L1|0.01|0.00|0.03|0.00|-1360|732|-15|75']]
[10613046, ['A|RP1L1|0.02|0.00|0.32|0.17|-1376|716|2|-31'], ['A|RP1L1|0.06|0.01|0.68|0.16|-1809|716|2|-31']]
[10613181, ['G|RP1L1|0.00|0.00|0.00|0.00|165|581|-19|460'], ['G|RP1L1|0.00|0.00|0.00|0.01|111|-1944|-19|-166']]
[10622776, ['A|RP1L1|0.00|0.00|0.00|0.00|-1004|444|-183|386'], ['A|RP1L1|0.00|0.00|0.00|0.00|-13|2621|-1112|2575']]
[10623004, ['A|RP1L1|0.00|0.00|0.00|0.00|2393|216|2347|-33'], ['A|RP1L1|0.00|0.00|0.00|0.00|-1232|110|2347|-33']]
[10623034, ['T|RP1L1|0.00|0.00|0.00|0.00|186|-10|2317|-63', 'A|RP1L1|0.00|0.00|0.00|0.00|-1262|186|128|-63'], ['T|RP1L1|0.00|0.00|0.00|0.00|-1262|-18|2317|128', 'A|RP1L1|0.00|0.00|0.00|0.00|-1262|80|2317|714']]
[10623046, ['A|RP1L1|0.00|0.00|0.00|0.00|2351|68|2305|-453'], ['A|RP1L1|0.00|0.00|0.00|0.00|-1274|68|2579|702']]
[10623125, ['A|RP1L1|0.00|0.00|0.00|0.00|-1353|95|37|-532'], ['A|RP1L1|0.00|0.00|0.00|0.00|-1353|95|37|623']]
[10623156, ['C|RP1L1|0.00|0.00|0.00|0.01|-1384|64|-563|6'], ['C|RP1L1|0.00|0.01|0.00|0.02|3442|198|3638|6']]
[10623158, ['C|RP1L1|0.00|0.02|0.00|0.01|-1386|62|2193|4'], ['C|RP1L1|0.00|0.01|0.00|0.02|1175|196|3636|4']]
[10623168, ['C|RP1L1|0.00|0.00|0.00|0.01|3430|52|-575|-6'], ['C|RP1L1|0.00|0.00|0.00|0.01|2229|186|3626|-6']]
[54667623, ['T|RP1|0.00|0.00|0.00|0.00|113|-463|-1169|1'], ['T|RP1|0.00|0.00|0.00|0.00|-372|-2078|-1169|1']]
[54667904, ['C|RP1|0.00|0.00|0.00|0.00|3|-1485|-101|-1450'], ['C|RP1|0.00|0.00|0.00|0.00|3|-653|-101|-1450']]
[54668364, ['G|RP1|0.00|0.00|0.00|0.00|-1945|11|90|293'], ['G|RP1|0.00|0.00|0.00|0.00|-2819|3748|-1910|3904']]
[54668368, ['G|RP1|0.00|0.00|0.00|0.00|-1949|7|-1914|-13'], ['G|RP1|0.00|0.00|0.00|0.00|-2823|142|-2660|-2193']]
[54668369, ['C|RP1|0.00|0.00|0.00|0.00|-53|-1950|85|-1915'], ['C|RP1|0.00|0.00|0.00|0.00|-2824|141|-1915|-566']]
[54668372, ['G|RP1|0.00|0.00|0.00|0.00|138|-1953|-356|1439'], ['G|RP1|0.00|0.00|0.00|0.00|138|-2827|82|-1918']]
[54668614, ['A|RP1|0.00|0.00|0.00|0.00|3498|-104|-160|1197'], ['A|RP1|0.00|0.00|0.00|0.00|-1160|3498|-160|3654']]
[54668767, ['C|RP1|0.00|0.00|0.00|0.00|-1516|3345|-313|-15'], ['C|RP1|0.00|0.00|0.00|0.00|3345|-1516|-313|1044']]
[54668804, ['T|RP1|0.00|0.00|0.00|0.00|-2385|3308|1007|-350'], ['T|RP1|0.00|0.00|0.00|0.00|-2385|3308|1007|-350']]
[86575775, ['A|CNGB3|0.00|0.00|0.00|0.00|85|2914|198|355'], ['A|CNGB3|0.00|0.00|0.00|0.00|85|343|198|-2311']]
[86575814, ['C|CNGB3|0.01|0.00|0.01|0.00|1|46|159|316'], ['C|CNGB3|0.06|0.01|0.06|0.00|22|46|159|526']]
[86575947, ['T|CNGB3|0.00|0.00|0.00|0.00|9|-87|-40|26'], ['T|CNGB3|0.00|0.01|0.00|0.01|171|-87|-1178|26']]
[86576104, ['T|CNGB3|0.00|0.00|0.00|0.00|3002|-1497|26|-131'], ['T|CNGB3|0.01|0.00|0.00|0.00|14|1831|236|-131']]
[86576129, ['C|CNGB3|0.00|0.00|0.00|0.00|-1522|-11|-156|1'], ['C|CNGB3|0.00|0.00|0.00|0.00|-269|-11|-156|211']]
[86591159, ['T|CNGB3|0.00|0.00|0.00|0.00|3227|2024|3383|2274'], ['T|CNGB3|0.00|0.00|0.00|0.00|3227|2021|2886|2274']]
[86591160, ['A|CNGB3|0.00|0.00|0.00|0.00|3226|3158|2273|2749'], ['A|CNGB3|0.00|0.00|0.00|0.00|2520|-38|2189|-190']]
[86591357, ['A|CNGB3|0.00|0.00|0.00|0.00|1823|3029|2076|37'], ['A|CNGB3|0.00|0.00|0.00|0.00|3029|-58|3185|664']]
[86591359, ['A|CNGB3|0.00|0.00|0.00|0.00|1821|3027|1990|2074'], ['A|CNGB3|0.00|0.00|0.00|0.00|2321|3027|2635|3183']]
[86591415, ['G|CNGB3|0.00|0.00|0.00|0.00|-116|2971|-5|3127'], ['G|CNGB3|0.00|0.00|0.00|0.00|-116|1765|-5|3127']]
[86594167, ['T|CNGB3|0.00|0.02|0.00|0.00|-84|219|89|375'], ['T|CNGB3|0.02|0.03|0.01|0.01|-84|219|89|-734']]
[86594266, ['T|CNGB3|0.02|0.00|0.02|0.00|120|-67|276|320'], ['T|CNGB3|0.06|0.00|0.03|0.01|120|-67|276|85']]
[86594278, ['A|CNGB3|0.00|0.00|0.00|0.00|-598|108|-845|264'], ['A|CNGB3|0.00|0.01|0.00|0.01|-2025|108|-2172|264']]
[86594302, ['G|CNGB3|0.09|0.00|0.05|0.00|84|-49|240|284'], ['G|CNGB3|0.11|0.00|0.09|0.01|84|-103|-46|49']]
[86594488, ['A|CNGB3|0.00|0.04|0.00|0.05|-170|-102|-473|54'], ['A|CNGB3|0.00|0.12|0.00|0.12|9|-102|-137|54']]
[86594513, ['C|CNGB3|0.09|0.00|0.09|0.00|-127|-195|29|-569'], ['C|CNGB3|0.27|0.00|0.27|0.00|-127|-2697|29|-162']]
[114426127, ['T|DFNB31|0.00|0.00|0.01|0.00|-1103|286|84|-327', 'T|WHRN|0.00|0.00|0.01|0.00|-1103|286|84|-327'], ['T|DFNB31|0.00|0.00|0.01|0.00|-1585|1496|84|-327', 'T|WHRN|0.00|0.00|0.01|0.00|-1585|1496|84|-327']]
[114426193, ['T|DFNB31|0.00|0.00|0.10|0.00|220|1430|18|-393', 'T|WHRN|0.00|0.00|0.10|0.00|220|1430|18|-393'], ['T|DFNB31|0.00|0.00|0.04|0.01|-1651|1430|18|-38', 'T|WHRN|0.00|0.00|0.04|0.01|-1651|1430|18|-38']]
[136416419, ['A|PMPCA|0.00|0.00|0.03|0.02|1602|581|71|-28'], ['A|PMPCA|0.00|0.00|0.04|0.02|-1864|532|12|-28']]
[136416467, ['A|PMPCA|0.00|0.00|0.03|0.01|2|484|23|-76'], ['A|PMPCA|0.00|0.00|0.02|0.02|24|-207|-3|23']]
[136431990, ['A|INPP5E|0.19|0.01|0.03|0.00|-5|854|489|-749'], ['A|INPP5E|0.04|0.01|0.01|0.00|-5|-103|326|-1359']]
[136432178, ['A|INPP5E|0.04|0.00|0.02|0.00|-193|666|301|-23'], ['A|INPP5E|0.02|0.02|0.05|0.04|-193|92|138|-23']]
[136432193, ['T|INPP5E|0.01|0.00|0.00|0.00|-2|-208|962|-38'], ['T|INPP5E|0.01|0.00|0.00|0.00|-29|-61|-38|123']]
[136432235, ['T|INPP5E|0.01|0.00|0.00|0.00|-250|84|244|-80'], ['T|INPP5E|0.00|0.00|0.00|0.01|-250|175|467|-80']]
[136432470, ['T|INPP5E|0.00|0.00|0.01|0.00|-485|-60|9|-154'], ['T|INPP5E|0.00|0.01|0.00|0.02|-485|-60|211|-154']]
[136433217, ['A|INPP5E|0.01|0.00|0.01|0.00|62|-183|-62|-114'], ['A|INPP5E|0.05|0.00|0.00|0.00|-40|-144|-51|-114']]
[136433339, ['A|INPP5E|0.01|0.00|0.01|0.00|-60|-162|49|-1023'], ['A|INPP5E|0.00|0.00|0.01|0.00|-36|-162|49|-1023']]
[136433460, ['A|INPP5E|0.00|0.00|0.00|0.00|-10|-28|-305|2201'], ['A|INPP5E|0.07|0.00|0.03|0.00|-10|726|-72|110']]
[136433502, ['T|INPP5E|0.00|0.00|0.00|0.00|-658|-52|-546|91'], ['T|INPP5E|0.01|0.02|0.00|0.02|-2|-52|966|68']]
[136433503, ['A|INPP5E|0.00|0.00|0.01|0.00|-53|-1518|90|-115'], ['A|INPP5E|0.00|0.00|0.01|0.01|-200|-53|90|-115']]
[136433571, ['A|INPP5E|0.00|0.00|0.01|0.02|-498|615|22|-1'], ['A|INPP5E|0.00|0.00|0.05|0.15|-498|107|22|-1']]
[136433602, ['T|INPP5E|0.00|0.00|0.00|0.00|532|-527|435|-32'], ['T|INPP5E|0.00|0.00|0.00|0.02|644|-152|10|-32']]
[136433622, ['T|INPP5E|0.00|0.00|0.00|0.00|-549|-1039|-29|-467'], ['T|INPP5E|0.00|0.00|0.01|0.02|-2|125|-52|-29']]
[136433640, ['T|INPP5E|0.00|0.00|0.00|0.00|-796|-606|2021|-47'], ['T|INPP5E|0.00|0.00|0.00|0.02|491|-190|828|-47']]
[136433644, ['G|INPP5E|0.00|0.00|0.00|0.00|-365|-569|-256|-51'], ['G|INPP5E|0.00|0.00|0.00|0.00|-194|-800|63|-74']]
[49500382, ['A|ERCC6|0.01|0.00|0.01|0.00|314|26|156|-123'], ['A|ERCC6|0.01|0.01|0.01|0.01|314|26|156|-123']]
[49500488, ['A|ERCC6|0.02|0.00|0.01|0.00|208|92|50|93'], ['A|ERCC6|0.02|0.00|0.03|0.00|208|92|50|93']]
[49500499, ['C|ERCC6|0.01|0.00|0.01|0.00|197|-2244|39|-2297'], ['C|ERCC6|0.01|0.01|0.00|0.01|81|197|-240|39']]
[84194617, [], []]
[84194722, ['C|CDHR1|0.00|0.00|0.00|0.00|772|777|254|93'], ['C|CDHR1|0.00|0.00|0.01|0.00|1434|-26|254|52']]
[84194790, ['A|CDHR1|0.00|0.00|0.00|0.00|704|709|25|186'], ['A|CDHR1|0.00|0.00|0.00|0.00|1366|709|186|-16']]
[84194854, ['C|CDHR1|0.00|0.00|0.00|0.00|640|645|-80|-39'], ['C|CDHR1|0.00|0.00|0.00|0.01|1302|645|-80|122']]
[84194872, ['A|CDHR1|0.00|0.00|0.00|0.01|627|622|9|104'], ['A|CDHR1|0.00|0.00|0.01|0.00|627|10|9|-98']]
[84241486, ['A|RGR|0.00|0.00|0.00|0.00|-3045|-21|-2892|544'], ['A|RGR|0.00|0.00|0.00|0.00|2929|419|-3644|544']]
[84257961, ['T|RGR|0.04|0.07|0.07|0.06|-121|-68|-69|45'], ['T|RGR|0.03|0.01|0.07|0.01|-121|-68|-69|45']]
[84258011, ['G|RGR|0.16|0.06|0.09|0.12|-118|-171|-5|-119'], ['G|RGR|0.01|0.07|0.02|0.14|-118|-171|-5|-119']]
[84258513, ['A|RGR|0.00|0.01|0.00|0.02|2|-5|-492|122'], ['A|RGR|0.00|0.00|0.00|0.00|2|-5|2357|122']]
[101018774, ['C|PDZD7|0.00|0.00|0.00|0.00|55|-450|48|607'], ['C|PDZD7|0.00|0.00|0.00|0.00|-2350|-478|5|48']]
[101018797, ['G|PDZD7|0.00|0.00|0.00|0.00|-473|420|584|25'], ['G|PDZD7|0.00|0.00|0.00|0.00|-501|2898|25|-1544']]
[8100623, ['T|TUB|0.00|0.01|0.00|0.00|22|185|-22|992'], ['T|TUB|0.00|0.00|0.00|0.00|22|137|63|-291']]
[61955339, ['A|BEST1|0.00|0.00|0.00|0.01|4|379|-138|48'], ['A|BEST1|0.06|0.00|0.03|0.00|4|420|48|-138']]
[62389293, ['T|ASRGL1|0.00|0.00|0.00|0.00|2502|2786|2339|-42'], ['T|ASRGL1|0.00|0.00|0.00|0.00|2207|272|-1154|302']]
[62389314, ['T|ASRGL1|0.00|0.00|0.00|0.00|-181|2765|-63|-111'], ['T|ASRGL1|0.00|0.00|0.00|0.00|2186|251|3007|2620']]
[62389335, ['A|ASRGL1|0.00|0.00|0.00|0.00|2165|-92|2599|-84'], ['A|ASRGL1|0.00|0.00|0.00|0.00|230|1324|2297|-132']]
[62392804, ['A|ASRGL1|0.00|0.00|0.00|0.00|392|-1304|-483|0'], ['A|ASRGL1|0.00|0.00|0.00|0.00|2346|-1616|-483|-870']]
[103129013, ['A|DYNC2H1|0.00|0.00|0.00|0.00|-103|113|1027|134'], ['A|DYNC2H1|0.00|0.00|0.00|0.00|-103|851|-8|134']]
[117381745, ['T|CEP164|0.01|0.01|0.00|0.00|-19|-104|-1031|1195'], ['T|CEP164|0.02|0.00|0.00|0.00|-19|35|-254|1195']]
[117387207, ['C|CEP164|0.01|0.02|0.00|0.00|25|-4|-55|205'], ['C|CEP164|0.02|0.01|0.00|0.00|25|-4|-55|-736']]
[1879858, ['A|CACNA2D4|0.00|0.00|0.00|0.00|-1417|23|-1543|-902'], ['A|CACNA2D4|0.00|0.00|0.00|0.00|182|2833|1815|140']]
[1879864, ['G|CACNA2D4|0.00|0.00|0.00|0.00|17|-1423|-60|-1549'], ['G|CACNA2D4|0.00|0.00|0.00|0.00|2827|176|134|1809']]
[89460034, ['C|POC1B|0.11|0.00|0.10|0.00|4|-57|-18|4'], ['C|POC1B|0.17|0.00|0.13|0.00|4|2|-18|-79']]
[109573733, ['A|MMAB|0.00|0.00|0.00|0.00|-352|-2023|-130|-2084', 'A|MVK|0.00|0.00|0.04|0.05|-8|3549|140|-15'], ['A|MMAB|0.00|0.00|0.00|0.00|-352|-41|-4|-130', 'A|MVK|0.00|0.00|0.02|0.05|-8|651|140|-15']]
[109573869, ['T|MMAB|0.00|0.00|0.00|0.00|-2|-488|-522|-585', 'T|MVK|0.00|0.00|0.05|0.04|3413|1711|4|-145'], ['T|MMAB|0.00|0.02|0.01|0.01|-2|-488|-522|-266', 'T|MVK|0.00|0.00|0.03|0.08|-144|1578|4|-151']]
[48466539, ['T|RB1|0.00|0.00|0.00|0.00|-691|-22|-1171|-1711'], ['T|RB1|0.00|0.00|0.00|0.00|-691|-22|-1711|-1169']]
[48466617, ['T|RB1|0.00|0.00|0.00|0.00|-769|-511|-1249|-5', 'A|RB1|0.00|0.00|0.00|0.00|2|-100|-1249|-975'], ['T|RB1|0.00|0.00|0.00|0.00|-450|-100|-1249|-975', 'A|RB1|0.00|0.00|0.00|0.00|-769|-100|-1495|-1247']]
[48466700, ['A|RB1|0.00|0.00|0.00|0.00|3|-852|-47|-1332'], ['A|RB1|0.00|0.00|0.00|0.00|-369|-852|-1330|-688']]
[48466738, ['C|RB1|0.00|0.00|0.00|0.00|-890|203|-1096|-1370', 'T|RB1|0.00|0.00|0.00|0.00|-890|1|-1096|-1370'], ['C|RB1|0.00|0.00|0.00|0.00|-1187|-890|-1096|-1616', 'T|RB1|0.00|0.00|0.00|0.00|-890|-1074|-1096|-1368']]
[48466752, ['A|RB1|0.00|0.00|0.00|0.00|-1547|-904|-5|-1384'], ['A|RB1|0.00|0.00|0.00|0.00|-235|-904|-1382|-1110']]
[48466779, ['G|RB1|0.00|0.00|0.00|0.00|-931|162|-767|-1411'], ['G|RB1|0.00|0.00|0.00|0.00|-931|-262|-1137|-1409']]
[48466784, ['A|RB1|0.00|0.00|0.00|0.00|157|-936|-1416|17'], ['A|RB1|0.00|0.00|0.00|0.00|-936|-617|-772|-1416']]
[48466797, ['G|RB1|0.00|0.00|0.00|0.00|144|-949|-1429|4'], ['G|RB1|0.00|0.00|0.00|0.00|-280|-949|-1675|-1155']]
[48466818, ['G|RB1|0.00|0.00|0.00|0.00|-651|-970|-1|-1707'], ['G|RB1|0.00|0.00|0.00|0.00|-301|-1267|-1|-1990']]
[48502806, ['T|RB1|0.02|0.01|0.00|0.04|-1064|-122|-3046|108', 'T|RCBTB2|0.00|0.00|0.00|0.00|1799|108|-3181|-82'], ['T|RB1|0.00|0.07|0.00|0.03|-1940|-122|-28|-4', 'T|RCBTB2|0.00|0.00|0.00|0.00|1584|108|1420|-78']]
[48502873, ['A|RB1|0.00|0.03|0.00|0.09|-1131|-149|-76|41', 'A|RCBTB2|0.00|0.00|0.00|0.00|1732|119|-3248|-14'], ['A|RB1|0.00|0.00|0.00|0.00|2200|-189|3154|113', 'A|RCBTB2|0.00|0.00|0.00|0.00|1517|41|1353|-145']]
[24081509, ['T|DHRS4-AS1|0.00|0.00|0.00|0.00|-4|59|-1274|959', 'T|NRL|0.00|0.00|0.00|0.01|133|959|1184|59'], ['T|DHRS4-AS1|0.00|0.00|0.00|0.00|-4|-1023|259|-1274', 'T|NRL|0.00|0.00|0.01|0.00|9|-36|-1186|85']]
[24081670, ['T|DHRS4-AS1|0.00|0.00|0.00|0.02|-109|-102|798|10', 'T|NRL|0.01|0.00|0.02|0.00|798|10|-102|-76'], ['T|DHRS4-AS1|0.00|0.00|0.00|0.02|-2|165|-28|98', 'T|NRL|0.00|0.00|0.00|0.00|-802|1285|-1565|-76']]
[24081754, ['A|DHRS4-AS1|0.00|0.00|0.00|0.01|-186|-1268|714|-74', 'A|NRL|0.01|0.00|0.00|0.00|-74|714|132|-160'], ['A|DHRS4-AS1|0.00|0.00|0.02|0.02|933|81|14|-74', 'A|NRL|0.00|0.00|0.00|0.00|-886|1201|132|-160']]
[24082347, ['T|DHRS4-AS1|0.00|0.00|0.00|0.00|-1861|-779|-667|121', 'T|NRL|0.00|0.01|0.00|0.00|29|121|-753|-779'], ['T|DHRS4-AS1|0.00|0.00|0.00|0.00|155|340|328|-579', 'T|NRL|0.00|0.00|0.00|0.00|29|-1479|-753|346']]
[31046460, ['G|LINC02256|0.00|0.01|0.00|0.01|651|-41|-916|5', 'G|Metazoa_SRP|0.00|0.01|0.00|0.01|651|-41|-916|5', 'G|TRPM1|0.00|0.00|0.00|0.00|-227|5|-44|651'], ['G|LINC02256|0.00|0.07|0.00|0.08|1527|-41|-916|5', 'G|Metazoa_SRP|0.00|0.07|0.00|0.08|1527|-41|-916|5', 'G|TRPM1|0.00|0.00|0.00|0.00|51|817|651|-256']]
[31046477, ['A|LINC02256|0.00|0.00|0.00|0.00|-61|-11|-12|41', 'A|Metazoa_SRP|0.00|0.00|0.00|0.00|-61|-11|-12|41', 'A|TRPM1|0.00|0.00|0.00|0.00|-244|34|-273|-58'], ['A|LINC02256|0.01|0.00|0.01|0.01|-58|-11|-12|41', 'A|Metazoa_SRP|0.01|0.00|0.01|0.01|-58|-11|-12|41', 'A|TRPM1|0.00|0.01|0.00|0.00|-244|34|634|-153']]
[31046609, ['A|LINC02256|0.00|0.00|0.00|0.00|502|50|1181|-144', 'A|Metazoa_SRP|0.00|0.00|0.00|0.00|502|50|1181|-144', 'A|TRPM1|0.01|0.00|0.01|0.00|-376|273|502|-285'], ['A|LINC02256|0.00|0.00|0.00|0.00|-1129|-190|-1065|714', 'A|Metazoa_SRP|0.00|0.00|0.00|0.00|-1129|-190|-1065|714', 'A|TRPM1|0.00|0.00|0.00|0.00|-376|273|502|-285']]
[31047091, ['G|LINC02256|0.00|0.01|0.00|0.00|339|20|497|160', 'G|Metazoa_SRP|0.00|0.01|0.00|0.00|339|20|497|160', 'G|TRPM1|0.00|0.03|0.00|0.05|848|-858|-11|20'], ['G|LINC02256|0.00|0.00|0.00|0.00|39|-432|-626|232', 'G|Metazoa_SRP|0.00|0.00|0.00|0.00|39|-432|-626|232', 'G|TRPM1|0.00|0.01|0.06|0.07|131|-858|-11|20']]
[65650510, ['G|Metazoa_SRP|0.00|0.00|0.00|0.00|-124|-128|106|-8', 'G|SLC24A1|0.00|0.00|0.00|0.00|-124|-128|106|-8'], ['G|Metazoa_SRP|0.00|0.00|0.00|0.00|-124|1160|106|432', 'G|SLC24A1|0.00|0.00|0.00|0.00|-124|1160|106|432']]
[65650595, ['A|Metazoa_SRP|0.00|0.00|0.01|0.02|1075|94|-24|21', 'A|SLC24A1|0.00|0.00|0.01|0.02|1075|94|-24|21'], ['A|Metazoa_SRP|0.00|0.00|0.01|0.03|1075|-213|-24|21', 'A|SLC24A1|0.00|0.00|0.01|0.03|1075|-213|-24|21']]
[3515595, ['G|CLUAP1|0.01|0.03|0.01|0.04|-1735|-87|-1516|-4'], ['G|CLUAP1|0.01|0.01|0.00|0.01|-1735|-87|-1521|-528']]
[72096985, ['T|DHX38|0.00|0.00|0.00|0.00|509|-163|-765|796'], ['T|DHX38|0.00|0.00|0.00|0.00|-844|-181|596|-371']]
[72098723, ['T|DHX38|0.00|0.04|0.00|0.04|35|-78|322|69'], ['T|DHX38|0.00|0.01|0.00|0.01|60|-78|111|69']]
[72098776, ['T|DHX38|0.00|0.02|0.04|0.03|7|-131|58|16'], ['T|DHX38|0.00|0.00|0.01|0.00|7|-131|58|16']]
[72104466, ['T|DHX38|0.07|0.00|0.00|0.00|24|39|160|1638'], ['T|DHX38|0.03|0.02|0.01|0.00|24|39|-107|338']]
[72104483, ['A|DHX38|0.19|0.04|0.00|0.01|7|3|1621|-124'], ['A|DHX38|0.26|0.01|0.00|0.01|22|3|222|-124']]
[6427579, ['T|AIPL1|0.03|0.00|0.06|0.00|151|927|7|-186', 'T|PITPNM3|0.04|0.00|0.07|0.00|151|927|7|-186'], ['T|AIPL1|0.11|0.00|0.08|0.00|151|-826|7|-186', 'T|PITPNM3|0.11|0.00|0.08|0.00|151|-829|7|-186']]
[6427614, ['A|AIPL1|0.00|0.00|0.00|0.01|-581|-557|704|-28', 'A|PITPNM3|0.00|0.00|0.00|0.01|-581|116|704|-28'], ['A|AIPL1|0.00|0.02|0.00|0.05|-545|116|2|-28', 'A|PITPNM3|0.00|0.02|0.00|0.05|-545|116|2|-28']]
[8003051, ['C|GUCY2D|0.00|0.02|0.01|0.00|801|-12|717|21'], ['C|GUCY2D|0.01|0.07|0.01|0.02|801|-12|717|-317']]
[8003097, ['A|GUCY2D|0.01|0.00|0.00|0.00|-58|755|-363|241'], ['A|GUCY2D|0.02|0.00|0.00|0.00|-58|755|-363|671']]
[8003121, ['T|GUCY2D|0.00|0.00|0.00|0.00|731|-82|647|-49'], ['T|GUCY2D|0.00|0.00|0.00|0.00|-79|731|-387|-49']]
[8003168, ['T|GUCY2D|0.00|0.00|0.00|0.00|18|3195|600|170'], ['T|GUCY2D|0.00|0.00|0.00|0.00|18|154|600|-434']]
[8003268, ['G|GUCY2D|0.00|0.00|0.01|0.01|587|-229|500|70'], ['G|GUCY2D|0.00|0.02|0.01|0.01|584|-229|500|70']]
[8003318, ['C|GUCY2D|0.00|0.00|0.00|0.00|-279|4|20|838'], ['C|GUCY2D|0.00|0.00|0.00|0.00|-279|4|20|963']]
[8004051, ['T|GUCY2D|0.00|0.00|0.01|0.00|-199|-58|-283|105'], ['T|GUCY2D|0.00|0.01|0.01|0.00|35|-58|-283|105']]
[8006509, ['T|GUCY2D|0.00|0.00|0.00|0.00|-589|-146|635|205'], ['T|GUCY2D|0.01|0.00|0.01|0.00|-589|-96|-15|118']]
[8009612, ['T|GUCY2D|0.00|0.00|0.00|0.00|-106|-98|-26|54'], ['T|GUCY2D|0.00|0.00|0.00|0.03|43|2365|-201|54']]
[8009635, ['G|GUCY2D|0.00|0.00|0.01|0.00|-19|-129|31|-49'], ['G|GUCY2D|0.00|0.00|0.10|0.00|-2229|20|31|-49']]
[28552507, ['G|RSKR|0.00|0.00|0.02|0.02|45|-169|-35|156', 'G|UNC119|0.00|0.00|0.00|0.00|-415|-3802|45|-169'], ['G|RSKR|0.00|0.00|0.03|0.03|-3353|-108|-35|156', 'G|UNC119|0.00|0.00|0.00|0.00|-40|-1660|45|-442']]
[38325339, [], []]
[38325467, [], []]
[38325558, [], []]
[76529280, ['C|CYGB|0.00|0.00|0.00|0.00|741|-1447|-364|1699', 'C|PRCD|0.00|0.00|0.00|0.00|741|-1447|-364|1699', 'C|UBE2O|0.00|0.00|0.00|0.00|741|-1447|-364|1699'], ['C|CYGB|0.00|0.00|0.00|0.00|741|-733|-87|17', 'C|PRCD|0.00|0.00|0.00|0.00|741|-733|-364|17', 'C|UBE2O|0.00|0.00|0.00|0.00|741|-733|-364|17']]
[76529567, ['C|CYGB|0.01|0.01|0.00|0.00|-956|63|1412|1798', 'C|PRCD|0.01|0.00|0.00|0.00|-956|454|1412|1798', 'C|UBE2O|0.01|0.00|0.00|0.00|-956|454|1412|1798'], ['C|CYGB|0.01|0.01|0.00|0.00|-1020|63|-651|1798', 'C|PRCD|0.00|0.00|0.00|0.00|-1020|63|1429|-651', 'C|UBE2O|0.00|0.00|0.00|0.00|-1020|63|1429|-651']]
[76529751, ['A|CYGB|0.00|0.01|0.00|0.00|-1140|270|2|-835', 'A|PRCD|0.00|0.01|0.00|0.00|-1140|270|2|-835', 'A|UBE2O|0.00|0.01|0.00|0.00|-1140|270|2|-835'], ['A|CYGB|0.00|0.00|0.04|0.00|-1204|270|2|-558', 'A|PRCD|0.00|0.00|0.04|0.00|-1140|270|2|-835', 'A|UBE2O|0.00|0.00|0.04|0.00|-1140|270|2|-835']]
[76544588, ['G|CYGB|0.00|0.00|0.00|0.00|-1467|-240|-1559|-785', 'G|PRCD|0.00|0.00|0.00|0.00|-1467|-240|-1559|-785', 'G|UBE2O|0.00|0.00|0.00|0.00|-1467|-240|-1559|-785'], ['G|CYGB|0.00|0.01|0.00|0.00|-27|-240|-127|188', 'G|PRCD|0.00|0.01|0.00|0.00|-27|-240|-127|188', 'G|UBE2O|0.00|0.01|0.00|0.00|-27|-240|-127|188']]
[76544601, ['A|CYGB|0.00|0.00|0.00|0.00|-253|1035|-798|1415', 'A|PRCD|0.00|0.00|0.00|0.00|-253|1035|-798|1415', 'A|UBE2O|0.00|0.00|0.00|0.00|-253|1035|-798|1415'], ['A|CYGB|0.00|0.00|0.00|0.00|-253|220|175|-140', 'A|PRCD|0.00|0.00|0.00|0.00|-253|220|175|-140', 'A|UBE2O|0.00|0.00|0.00|0.00|-253|220|175|-140']]
[76544918, ['A|CYGB|0.00|0.00|0.00|0.00|-570|718|706|-142', 'A|PRCD|0.00|0.00|0.00|0.00|-570|718|706|-142', 'A|UBE2O|0.00|0.00|0.00|0.00|-570|718|706|-142'], ['A|CYGB|0.01|0.01|0.00|0.01|-570|-4|706|-142', 'A|PRCD|0.01|0.01|0.00|0.01|-570|-4|706|-142', 'A|UBE2O|0.01|0.01|0.00|0.01|-570|-4|706|-142']]
[76545130, ['G|CYGB|0.00|0.00|0.01|0.00|1001|-760|1|886', 'G|PRCD|0.00|0.00|0.01|0.00|1001|-760|1|886', 'G|UBE2O|0.00|0.00|0.01|0.00|1001|-760|1|886'], ['G|CYGB|0.00|0.00|0.00|0.00|82|784|-669|97', 'G|PRCD|0.00|0.00|0.00|0.00|82|784|-669|97', 'G|UBE2O|0.00|0.00|0.00|0.00|82|784|-669|97']]
[81528813, ['A|FSCN2|0.00|0.00|0.00|0.00|4|-77|544|144', 'A|NPLOC4|0.00|0.00|0.00|0.00|-310|139|544|-1731'], ['A|FSCN2|0.00|0.00|0.00|0.00|4|-414|544|266', 'A|NPLOC4|0.00|0.00|0.00|0.00|4|-96|544|-2213']]
[81528871, ['G|FSCN2|0.00|0.00|0.00|0.00|-135|31|208|-136', 'G|NPLOC4|0.00|0.00|0.00|0.00|-1814|-368|486|-880'], ['G|FSCN2|0.00|0.00|0.00|0.00|1709|31|-244|440', 'G|NPLOC4|0.00|0.00|0.00|0.00|-1814|31|486|-2271']]
[81528888, ['T|FSCN2|0.00|0.00|0.00|0.00|14|-71|469|-261', 'T|NPLOC4|0.00|0.00|0.00|0.00|14|-71|469|-620'], ['T|FSCN2|0.00|0.00|0.00|0.00|14|-71|469|423', 'T|NPLOC4|0.00|0.00|0.00|0.00|14|-332|469|-897']]
[81536370, ['A|FSCN2|0.00|0.00|0.00|0.00|0|252|69|-103', 'A|NPLOC4|0.00|0.01|0.00|0.01|0|252|69|-103'], ['A|FSCN2|0.01|0.01|0.04|0.01|0|180|69|-83', 'A|NPLOC4|0.01|0.01|0.03|0.01|0|180|69|-83']]
[81536379, ['T|FSCN2|0.00|0.00|0.01|0.01|-233|627|-112|60', 'T|NPLOC4|0.01|0.00|0.01|0.00|-233|23|-112|60'], ['T|FSCN2|0.01|0.01|0.02|0.04|171|-9|-92|60', 'T|NPLOC4|0.01|0.00|0.02|0.04|171|-9|-92|60']]
[81651749, ['T|PDE6G|0.00|0.01|0.01|0.01|-319|-104|-64|125'], ['T|PDE6G|0.01|0.01|0.00|0.01|24|-94|-1087|125']]
[81651862, ['C|PDE6G|0.00|0.00|0.01|0.01|6|1298|85|12'], ['C|PDE6G|0.01|0.00|0.01|0.04|6|-207|85|12']]
[81651892, ['G|PDE6G|0.00|0.00|0.01|0.02|-462|-24|-18|55'], ['G|PDE6G|0.00|0.01|0.08|0.11|-237|-24|-18|55']]
[81651968, ['T|PDE6G|0.00|0.00|0.00|0.00|-538|1192|-21|-94'], ['T|PDE6G|0.00|0.00|0.01|0.01|-100|1332|-21|-94']]
[81651978, ['T|PDE6G|0.00|0.00|0.00|0.00|-333|-548|-31|-104'], ['T|PDE6G|0.00|0.00|0.01|0.01|-110|1322|-31|-104']]
[81652059, ['A|PDE6G|0.00|0.00|0.00|0.00|3|-629|-3|-374'], ['A|PDE6G|0.00|0.00|0.00|0.00|1945|-4|2153|160']]
[81652140, ['A|PDE6G|0.00|0.00|0.00|0.00|2|-99|-831|-990'], ['A|PDE6G|0.00|0.00|0.00|0.00|1160|-305|-266|79']]
[81652146, ['T|PDE6G|0.00|0.00|0.00|0.00|-105|1014|-199|16'], ['T|PDE6G|0.00|0.00|0.01|0.00|475|-311|-199|16']]
[7039760, ['A|LAMA1|0.00|0.00|0.00|0.00|-15|-810|-1124|-950'], ['A|LAMA1|0.00|0.00|0.00|0.00|3624|-15|316|-92']]
[7039797, ['G|LAMA1|0.00|0.00|0.00|0.00|-52|-847|-129|279'], ['G|LAMA1|0.00|0.00|0.00|0.00|-52|-246|180|-1161']]
[1496434, ['A|REEP6|0.01|0.00|0.01|0.00|157|1183|19|-3255'], ['A|REEP6|0.00|0.00|0.00|0.00|-198|-60|813|62']]
[1496694, ['C|REEP6|0.00|0.01|0.01|0.03|-95|-103|49|-23'], ['C|REEP6|0.00|0.00|0.01|0.01|-377|852|49|-23']]
[1496733, ['C|REEP6|0.00|0.00|0.01|0.00|-134|-142|10|514'], ['C|REEP6|0.00|0.00|0.01|0.00|895|-134|10|-62']]
[1497193, ['A|REEP6|0.00|0.01|0.00|0.01|-602|-19|144|54'], ['A|REEP6|0.02|0.00|0.01|0.00|435|-14|54|-522']]
[1497371, ['T|REEP6|0.00|0.00|0.01|0.00|257|-60|-124|2'], ['T|REEP6|0.01|0.00|0.03|0.00|175|-772|-124|2']]
[1497854, ['T|REEP6|0.00|0.00|0.00|0.00|-237|-26|-607|-1401'], ['T|REEP6|0.00|0.00|0.00|0.00|11|-226|-607|-1183']]
[6709619, ['C|C3|0.00|0.00|0.00|0.00|298|223|65|1368'], ['C|C3|0.00|0.00|0.00|0.00|338|-180|-101|2']]
[6709647, ['T|C3|0.00|0.00|0.00|0.00|1198|152|1340|37'], ['T|C3|0.00|0.00|0.00|0.00|1222|231|-3|-129']]
[7395164, ['C|ARHGEF18|0.03|0.00|0.02|0.00|83|1544|-171|-382', 'C|CTD-2207O23.3|0.00|0.00|0.01|0.00|-792|2121|83|556', 'A|ARHGEF18|0.00|0.00|0.00|0.00|83|1544|-171|-239', 'A|CTD-2207O23.3|0.00|0.00|0.00|0.00|-792|-239|83|785'], ['C|ARHGEF18|0.00|0.00|0.00|0.00|63|1924|-171|1087', 'C|CTD-2207O23.3|0.03|0.00|0.01|0.00|-792|16|83|556', 'A|ARHGEF18|0.00|0.00|0.00|0.00|1544|-3870|12|-239', 'A|CTD-2207O23.3|0.02|0.00|0.01|0.00|-792|16|83|-718']]
[7395167, ['A|ARHGEF18|0.00|0.00|0.00|0.00|80|553|-174|2118', 'A|CTD-2207O23.3|0.00|0.00|0.00|0.00|-795|2929|80|782'], ['A|ARHGEF18|0.00|0.00|0.00|0.00|60|1921|-174|1084', 'A|CTD-2207O23.3|0.02|0.00|0.01|0.00|-795|13|80|-721']]
[7468900, ['A|ARHGEF18|0.01|0.00|0.01|0.00|231|158|2|-75', 'A|CTD-2207O23.3|0.00|0.00|0.00|0.00|-75|13|1415|231'], ['A|ARHGEF18|0.00|0.00|0.00|0.00|-868|-523|3548|-191', 'A|CTD-2207O23.3|0.01|0.01|0.00|0.00|2|13|906|726']]
[7468903, ['C|ARHGEF18|0.00|0.00|0.00|0.01|-1219|228|10|-78', 'C|CTD-2207O23.3|0.00|0.00|0.00|0.00|-78|-52|1412|228'], ['C|ARHGEF18|0.01|0.00|0.00|0.00|-871|329|1790|-194', 'C|CTD-2207O23.3|0.00|0.00|0.00|0.00|10|-78|903|29']]
[32676846, ['G|NUDT19|0.00|0.00|0.00|0.01|44|450|164|-19', 'G|RGS9BP|0.00|0.00|0.00|0.01|637|18|-115|-19'], ['G|NUDT19|0.00|0.00|0.02|0.01|1454|18|103|2', 'G|RGS9BP|0.00|0.00|0.00|0.01|-766|18|-115|-19']]
[32676979, ['A|NUDT19|0.00|0.01|0.01|0.04|-115|317|31|-152', 'A|RGS9BP|0.00|0.00|0.00|0.01|504|317|31|-152'], ['A|NUDT19|0.00|0.00|0.01|0.01|-115|317|52|-152', 'A|RGS9BP|0.00|0.00|0.00|0.00|-899|317|382|-152']]
[45553157, ['C|OPA3|0.01|0.00|0.06|0.04|-2289|-30|1|-78'], ['C|OPA3|0.00|0.00|0.24|0.06|-2289|-5|1|-78']]
[45553262, ['A|OPA3|0.00|0.00|0.01|0.01|13|-2394|-183|77'], ['A|OPA3|0.00|0.02|0.02|0.04|13|-2394|-183|77']]
[2658685, ['T|IDH3B|0.00|0.01|0.06|0.01|152|-163|-47|87'], ['T|IDH3B|0.01|0.02|0.04|0.00|152|-163|-47|103']]
[2659082, ['T|IDH3B|0.00|0.03|0.02|0.02|-245|30|27|-81'], ['T|IDH3B|0.01|0.14|0.03|0.03|-245|30|27|-81']]
[2659105, ['A|IDH3B|0.10|0.00|0.28|0.00|207|-268|4|100'], ['A|IDH3B|0.13|0.02|0.07|0.00|7|-583|4|-478']]
[2659222, ['T|IDH3B|0.03|0.01|0.01|0.00|90|-110|-113|-221'], ['T|IDH3B|0.01|0.02|0.01|0.00|90|-110|-113|-221']]
[2659272, ['C|IDH3B|0.16|0.02|0.08|0.00|40|-160|-163|-500'], ['C|IDH3B|0.17|0.07|0.06|0.00|40|-160|-163|-271']]
[10652228, ['G|JAG1|0.03|0.01|0.00|0.01|98|22|78|-97'], ['G|JAG1|0.00|0.00|0.00|0.00|98|36|-1214|-97']]
[10652243, ['G|JAG1|0.02|0.00|0.00|0.00|83|-965|-112|3112'], ['G|JAG1|0.01|0.00|0.00|0.00|41|-1135|113|-1229']]
[36763888, ['A|IFT27|0.01|0.00|0.05|0.13|148|30|31|-135'], ['A|IFT27|0.00|0.01|0.00|0.09|-397|30|31|-135']]
[50220082, ['T|TUBGCP6|0.01|0.02|0.00|0.01|-24|-67|470|-125'], ['T|TUBGCP6|0.09|0.00|0.00|0.00|-24|-67|470|110']]
[50220513, ['C|TUBGCP6|0.00|0.01|0.01|0.02|1361|-722|-262|39'], ['C|TUBGCP6|0.00|0.00|0.01|0.02|-726|-153|-262|39']]
[50220627, ['A|TUBGCP6|0.00|0.00|0.01|0.01|1733|-1171|-376|-75'], ['A|TUBGCP6|0.00|0.00|0.01|0.03|-267|622|19|-75']]
[50221044, ['A|TUBGCP6|0.00|0.01|0.00|0.00|-1029|205|-1400|-852'], ['A|TUBGCP6|0.00|0.01|0.00|0.00|-69|205|69|-793']]
[49205668, ['G|CACNA1F|0.00|0.06|0.01|0.05|-13|145|-102|-52'], ['G|CACNA1F|0.00|0.02|0.01|0.04|242|145|211|-52']]
[49205672, ['A|CACNA1F|0.00|0.03|0.00|0.02|19|141|-106|-56'], ['A|CACNA1F|0.00|0.01|0.01|0.01|238|141|207|-56']]
[49205723, ['T|CACNA1F|0.03|0.00|0.01|0.00|90|187|-107|-157'], ['T|CACNA1F|0.00|0.01|0.00|0.02|-2|90|8|-107']]
